co_uf,co_ies,co_curso,grupo_ies,no_curso,curso_agrupado_fgv,escola_fgv,sigla_ies,praca_fgv
35,1638,102848,PUC-SP,Administração,ADMINISTRAÇÃO,,PUCSP,SP
35,4368,102852,PUC-SP,Ciências Econômicas,ECONOMIA,,PUCSP,SP
33,11530,105078,UCAM,Relações Internacionais,RI,,UCAM,RJ
53,134717,1057767,IDP,Direito,DIREITO,,EDAP,DF
53,48988,1070606,IDP,Administração Pública,ADM PÚBLICA,,EDAP,DF
33,68475,1074392,FGV,Matemática,MATEMÁTICA,EMAP,FGV,RJ
33,82170,1074392,FGV,Matemática Aplicada,MATEMÁTICA,EMAP,FGV,RJ
33,6292,1077609,UFF,Ciências Econômicas,ECONOMIA,,UFF,RJ
33,6292,1079286,UFF,Ciências Sociais,CIÊNCIAS SOCIAIS,,UFF,RJ
35,242,108112,MACKENZIE,Administração,ADMINISTRAÇÃO,,MACKENZIE,SP
33,10377,108114,UCAM,Administração,ADMINISTRAÇÃO,,UCAM,RJ
33,6292,108648,UFF,Relações Internacionais,RI,,UFF,RJ
33,5808,10867,PUC-Rio,Administração,ADMINISTRAÇÃO,,PUC-RIO,RJ
33,5808,10868,PUC-Rio,Direito,DIREITO,,PUC-RIO,RJ
33,5808,10870,PUC-Rio,Ciências Econômicas,ECONOMIA,,PUC-RIO,RJ
35,242,109886,MACKENZIE,Direito,DIREITO,,MACKENZIE,SP
33,3776,1104375,ESPM,Comunicação Social - Jornalismo,COMUNICAÇÃO,,ESPM,RJ
33,6608,1104375,ESPM,Jornalismo,COMUNICAÇÃO,,ESPM,RJ
33,12683,111102,UCAM,Direito,DIREITO,,UCAM,RJ
33,12683,111106,UCAM,Administração,ADMINISTRAÇÃO,,UCAM,RJ
33,12683,111108,UCAM,Direito,DIREITO,,UCAM,RJ
33,12683,111110,UCAM,Direito,DIREITO,,UCAM,RJ
35,6006,11218,PUC-SP,Administração,ADMINISTRAÇÃO,,PUCSP,SP
35,6006,11220,PUC-SP,Ciências Econômicas,ECONOMIA,,PUCSP,SP
35,6006,11221,PUC-SP,Direito,DIREITO,,PUCSP,SP
33,6292,1122220,UFF,Direito,DIREITO,,UFF,RJ
35,6006,11224,PUC-SP,Ciências Sociais,CIÊNCIAS SOCIAIS,,PUCSP,SP
35,6006,11242,PUC-SP,Relações Internacionais,RI,,PUCSP,SP
33,6292,1125307,UFF,Matemática,MATEMÁTICA,,UFF,RJ
33,6292,1125326,UFF,Administração Pública,ADM PÚBLICA,,UFF,RJ
33,6017,11318,UERJ,Direito,DIREITO,,UERJ,RJ
33,6017,11319,UERJ,Ciência Econômica,ECONOMIA,,UERJ,RJ
33,6017,11320,UERJ,Administração,ADMINISTRAÇÃO,,UERJ,RJ
33,11330,1133600,IBMEC,Administração,ADMINISTRAÇÃO,,IBMEC,RJ
33,11330,1133601,IBMEC,Relações Internacionais,RI,,IBMEC,RJ
53,27324,1136978,PROCESSUS BSB,Administração Pública,ADM PÚBLICA,,PFD,DF
33,11530,1139946,UCAM,Administração,ADMINISTRAÇÃO,,UCAM,RJ
53,8,1140062,UNB,Comunicação Social - Comunicação Organizacional,COMUNICAÇÃO,,UNB,DF
33,11330,1147798,IBMEC,Ciências Econômicas,ECONOMIA,,IBMEC,RJ
33,9270,1148479,IBMEC,Comunicação Social - Publicidade E Propaganda,COMUNICAÇÃO,,IBMEC,RJ
33,2060,1148479,IBMEC,Comunicação Social Com Habilitação Em Publicidade E Propaganda,COMUNICAÇÃO,,IBMEC,RJ
33,6180,1149663,IBMEC,Comunicação Social - Jornalismo,COMUNICAÇÃO,,IBMEC,RJ
33,5150,1149663,IBMEC,Jornalismo,COMUNICAÇÃO,,IBMEC,RJ
35,6006,1152435,PUC-SP,Administração,ADMINISTRAÇÃO,,PUCSP,SP
33,5765,1154687,UCAM,Comunicação Social - Publicidade E Propaganda E Mídias Digitais,COMUNICAÇÃO,,UCAM,RJ
53,22356,1158614,PROCESSUS BSB,Direito,DIREITO,,PFD,DF
33,6446,116840,UFRJ,Relações Internacionais,RI,,UFRJ,RJ
33,6446,116842,UFRJ,Comunicação Visual Design,COMUNICAÇÃO,,UFRJ,RJ
35,605,118426,USP,Direito,DIREITO,,USP,SP
35,106032,1185397,IDP,Direito,DIREITO,,IDP,SP
33,1153,1186743,UCAM,Administração,ADMINISTRAÇÃO,,UCAM,RJ
33,9224,1188430,UCAM,Administração,ADMINISTRAÇÃO,,UCAM,RJ
53,4422,1191653,UNICEUB,Relações Internacionais,RI,,UNICEUB,DF
33,9542,1193534,IBMEC,Direito,DIREITO,,IBMEC,RJ
53,22,122,UNB,Ciências Econômicas,ECONOMIA,,UNB,DF
35,378,122966,UNICAMP,Gestão De Empresas,ADMINISTRAÇÃO,,UNICAMP,SP
33,12683,123280,UCAM,Administração,ADMINISTRAÇÃO,,UCAM,RJ
35,1389,1257771,FAAP,Jornalismo,COMUNICAÇÃO,,FAAP,SP
35,2766,1257771,FAAP,Jornalismo,COMUNICAÇÃO,,FA-FAAP,SP
33,6292,12698,UFF,Ciências Econômicas,ECONOMIA,,UFF,RJ
33,6292,12699,UFF,Direito,DIREITO,,UFF,RJ
33,6292,12701,UFF,Administração,ADMINISTRAÇÃO,,UFF,RJ
33,3432,12723,UFF,Administração,ADMINISTRAÇÃO,,UFF,RJ
33,6292,12724,UFF,Administração,ADMINISTRAÇÃO,,UFF,RJ
53,22,128,UNB,Relações Internacionais,RI,,UNB,DF
53,4020,1282866,UNICEUB,Administração,ADMINISTRAÇÃO,,UNICEUB,DF
35,5724,1284614,ESPM,Ciências Sociais,CIÊNCIAS SOCIAIS,,ESPM,SP
53,76916,1287993,MACKENZIE,Administração,ADMINISTRAÇÃO,,MACKENZIE,DF
53,77280,1288370,FGV,Administração Pública,ADM PÚBLICA,EPPG,FGV,DF
35,605,1292746,USP,Administração,ADMINISTRAÇÃO,,USP,SP
35,540,1297373,UNICAMP,Administração,ADMINISTRAÇÃO,,UNICAMP,SP
35,540,1297385,UNICAMP,Administração Pública,ADM PÚBLICA,,UNICAMP,SP
53,3618,1319173,UNICEUB,Comunicação Social - Publicidade E Propaganda,COMUNICAÇÃO,,UNICEUB,DF
33,6918,1324163,UCAM,Administração,ADMINISTRAÇÃO,,UCAM,RJ
33,4923,1330027,UERJ,Relações Internacionais,RI,,UERJ,RJ
33,4576,1342617,UFF,Jornalismo,COMUNICAÇÃO,,UFF,RJ
53,1206,1349773,UNICEUB,Comunicação Social - Jornalismo,COMUNICAÇÃO,,UNICEUB,DF
53,2412,1349773,UNICEUB,Jornalismo,COMUNICAÇÃO,,UNICEUB,DF
35,14790,1364851,IBMEC,Administração,ADMINISTRAÇÃO,,IBMEC SP,SP
35,14790,1365143,IBMEC,Ciências Econômicas,ECONOMIA,,IBMEC SP,SP
35,109760,1369527,FGV,Relações Internacionais,RI,RI,FGV,SP
35,385,1379376,USP,Economia Empresarial E Controladoria Com Habilitação Em Economia,ECONOMIA,,USP,SP
53,96145,1385294,MACKENZIE,Direito,DIREITO,,MACKENZIE,DF
35,12325,1404670,IBMEC,Relações Internacionais,RI,,IBMEC SP,SP
53,402,1405052,UNICEUB,Administração,ADMINISTRAÇÃO,,UNICEUB,DF
33,1172,14357,UFRJ,Comunicação Social,COMUNICAÇÃO,,UFRJ,RJ
33,6446,14363,UFRJ,Direito,DIREITO,,UFRJ,RJ
33,6446,14365,UFRJ,Administração,ADMINISTRAÇÃO,,UFRJ,RJ
33,6446,14366,UFRJ,Ciências Econômicas,ECONOMIA,,UFRJ,RJ
33,54780,1439508,FGV,Ciência De Dados E Inteligência Artificial,CIÊNCIA DE DADOS,EMAP,FGV,RJ
35,110,1440293,MACKENZIE,Direito,DIREITO,,MACKENZIE,SP
53,22,145,UNB,Administração,ADMINISTRAÇÃO,,UNB,DF
33,3459,1453329,UCAM,Administração,ADMINISTRAÇÃO,,UCAM,RJ
35,4644,1453775,INSPER,Direito,DIREITO,,INSPER,SP
33,2860,1457276,UFF,Administração Pública,ADM PÚBLICA,,UFF,RJ
53,1209,1458363,UCB,Administração,ADMINISTRAÇÃO,,UCB,DF
53,1612,1458376,UCB,Administração,ADMINISTRAÇÃO,,UCB,DF
35,95472,1467470,LINK,Administração,ADMINISTRAÇÃO,,LSB,SP
53,1209,1469905,UCB,Direito,DIREITO,,UCB,DF
53,22,148,UNB,Direito,DIREITO,,UNB,DF
53,1612,1486155,UCB,Jornalismo Digital,COMUNICAÇÃO,,UCB,DF
35,1272,1501494,ESPM,Direito,DIREITO,,ESPM,SP
35,6996,15065,ESPM,Administração,ADMINISTRAÇÃO,,ESPM,SP
35,2184,1514967,PUC-SP,Ciência De Dados E Inteligência Artificial,CIÊNCIA DE DADOS,,PUCSP,SP
33,50848,1532852,FGV,Comunicação Digital,COMUNICAÇÃO,ECMI,-,RJ
53,48988,1533476,IDP,Publicidade E Propaganda,COMUNICAÇÃO,,EDAP,DF
53,48988,1533477,IDP,Jornalismo,COMUNICAÇÃO,,EDAP,DF
53,48988,1533478,IDP,Ciências Econômicas,ECONOMIA,,EDAP,DF
53,48988,1533479,IDP,Administração,ADMINISTRAÇÃO,,EDAP,DF
53,38640,1534862,FGV,Administração,ADMINISTRAÇÃO,EPPG,FGV,DF
53,36741,1535058,IDP,Relações Internacionais,RI,,EDAP,DF
35,220,1538622,USP,Ciência De Dados,CIÊNCIA DE DADOS,,USP,SP
35,4930,1574499,IBMEC,Ciência De Dados E Inteligência Artificial,CIÊNCIA DE DADOS,,IBMEC SP,SP
53,1206,1575244,UNICEUB,Ciência De Dados E Machine Learning,CIÊNCIA DE DADOS,,UNICEUB,DF
53,1206,1575245,UNICEUB,Ciência De Dados E Machine Learning,CIÊNCIA DE DADOS,,UNICEUB,DF
33,4120,1576303,IBMEC,Ciência De Dados E Inteligência Artificial,CIÊNCIA DE DADOS,,IBMEC,RJ
33,2060,1576675,IBMEC,Ciência De Dados E Inteligência Artificial,CIÊNCIA DE DADOS,,IBMEC,RJ
35,4930,1584556,IBMEC,Ciências Econômicas,ECONOMIA,,IBMEC SP,SP
35,4930,1585215,IBMEC,Administração,ADMINISTRAÇÃO,,IBMEC SP,SP
53,4968,1644120,PROCESSUS BSB,Administração,ADMINISTRAÇÃO,,PFD,DF
53,22,165,UNB,Direito,DIREITO,,UNB,DF
33,1030,1684512,IBMEC,Ciência De Dados E Inteligência Artificial,CIÊNCIA DE DADOS,,IBMEC,RJ
33,10384,17604,ESPM,Administração,ADMINISTRAÇÃO,,ESPM,RJ
33,11330,17809,IBMEC,Ciências Econômicas,ECONOMIA,,IBMEC,RJ
35,2320,18035,FAAP,Relações Internacionais,RI,,FAAP,SP
35,2766,18035,FAAP,Relações Internacionais,RI,,FA-FAAP,SP
53,4433,18061,UCB,Direito,DIREITO,,UCB,DF
35,12771,18278,INSPER,Administração,ADMINISTRAÇÃO,,INSPER,SP
35,440,18658,USP,Jornalismo,COMUNICAÇÃO,,USP,SP
35,605,18659,USP,Comunicação Social Com Habilitação Em Publicidade E Propaganda,COMUNICAÇÃO,,USP,SP
35,605,18660,USP,Comunicação Social Com Habilitação Em Editoração,COMUNICAÇÃO,,USP,SP
35,385,18662,USP,Relações Públicas,COMUNICAÇÃO,,USP,SP
35,12771,18722,INSPER,Ciências Econômicas,ECONOMIA,,INSPER,SP
33,12683,19316,UCAM,Direito,DIREITO,,UCAM,RJ
35,605,19384,USP,Ciências Econômicas,ECONOMIA,,USP,SP
35,594,19486,UNICAMP,Ciências Econômicas,ECONOMIA,,UNICAMP,SP
35,6445,19812,FAAP,Direito,DIREITO,,FAAP,SP
35,2766,19812,FAAP,Direito,DIREITO,,FA-FAAP,SP
33,12683,20060,UCAM,Direito,DIREITO,,UCAM,RJ
53,4422,20066,UNICEUB,Relações Internacionais,RI,,UNICEUB,DF
35,242,2011,MACKENZIE,Ciências Econômicas,ECONOMIA,,MACKENZIE,SP
35,242,2015,MACKENZIE,Direito,DIREITO,,MACKENZIE,SP
35,242,2030,MACKENZIE,Comunicação Social - Publicidade E Propaganda,COMUNICAÇÃO,,MACKENZIE,SP
33,12683,20924,UCAM,Administração,ADMINISTRAÇÃO,,UCAM,RJ
33,12683,20925,UCAM,Direito,DIREITO,,UCAM,RJ
35,16720,21773,FIA,Administração,ADMINISTRAÇÃO,,FIA,SP
53,22,22122,UNB,Matemática,MATEMÁTICA,,UNB,DF
33,3696,22389,PUC-Rio,Comunicação Social - Jornalismo,COMUNICAÇÃO,,PUC-RIO,RJ
33,2112,22389,PUC-Rio,Jornalismo,COMUNICAÇÃO,,PUC-RIO,RJ
35,1092,22395,PUC-SP,Administração,ADMINISTRAÇÃO,,PUCSP,SP
35,546,22396,PUC-SP,Comunicação Social - Jornalismo,COMUNICAÇÃO,,PUCSP,SP
35,5460,22396,PUC-SP,Jornalismo,COMUNICAÇÃO,,PUCSP,SP
33,6017,22404,UERJ,Jornalismo,COMUNICAÇÃO,,UERJ,RJ
33,11330,22566,IBMEC,Administração,ADMINISTRAÇÃO,,IBMEC,RJ
53,4422,23477,UNICEUB,Comunicação Social - Publicidade E Propaganda,COMUNICAÇÃO,,UNICEUB,DF
35,2315,23596,FAAP,Comunicação Social - Publicidade E Propaganda,COMUNICAÇÃO,,FAAP,SP
35,2766,23596,FAAP,Comunicação Social - Publicidade E Propaganda,COMUNICAÇÃO,,FA-FAAP,SP
35,463,23597,FAAP,Comunicação Social,COMUNICAÇÃO,,FAAP,SP
35,926,23597,FAAP,Relações Públicas,COMUNICAÇÃO,,FAAP,SP
35,2766,23597,FAAP,Relações Públicas,COMUNICAÇÃO,,FA-FAAP,SP
35,463,23598,FAAP,Comunicação Social,COMUNICAÇÃO,,FAAP,SP
35,1852,23598,FAAP,Comunicação Social - Cinema,COMUNICAÇÃO,,FAAP,SP
35,2766,23598,FAAP,Comunicação Social - Cinema,COMUNICAÇÃO,,FA-FAAP,SP
33,6017,23724,UERJ,Relações Públicas,COMUNICAÇÃO,,UERJ,RJ
33,5860,23972,UFRJ,Comunicação Social - Publicidade E Propaganda,COMUNICAÇÃO,,UFRJ,RJ
35,6996,24024,ESPM,Comunicação Social - Publicidade E Propaganda,COMUNICAÇÃO,,ESPM,SP
33,1758,25835,UFRJ,Comunicação Social - Jornalismo,COMUNICAÇÃO,,UFRJ,RJ
33,4102,25835,UFRJ,Jornalismo,COMUNICAÇÃO,,UFRJ,RJ
35,594,26129,UNICAMP,Ciências Sociais,CIÊNCIAS SOCIAIS,,UNICAMP,SP
35,594,2697,UNICAMP,Ciências Econômicas,ECONOMIA,,UNICAMP,SP
35,594,2709,UNICAMP,Matemática Aplicada E Computacional,MATEMÁTICA,,UNICAMP,SP
53,4433,27830,UCB,Comunicação Social - Publicidade E Propaganda,COMUNICAÇÃO,,UCB,DF
33,5808,28302,PUC-Rio,Comunicação Social - Publicidade E Propaganda,COMUNICAÇÃO,,PUC-RIO,RJ
33,10384,28587,ESPM,Comunicação Social - Publicidade E Propaganda,COMUNICAÇÃO,,ESPM,RJ
35,605,2860,USP,Direito,DIREITO,,USP,SP
35,605,2899,USP,Ciências Econômicas,ECONOMIA,,USP,SP
35,605,2900,USP,Administração,ADMINISTRAÇÃO,,USP,SP
35,605,2903,USP,Matemática,MATEMÁTICA,,USP,SP
35,605,2926,USP,Ciências Econômicas,ECONOMIA,,USP,SP
35,605,2927,USP,Administração,ADMINISTRAÇÃO,,USP,SP
53,1612,29616,UCB,Comunicação Social - Jornalismo,COMUNICAÇÃO,,UCB,DF
53,2821,29616,UCB,Jornalismo,COMUNICAÇÃO,,UCB,DF
53,14,29692,UNB,Ciências Sociais,CIÊNCIAS SOCIAIS,,UNB,DF
35,2315,30080,FAAP,Comunicação Social,COMUNICAÇÃO,,FAAP,SP
35,1383,30080,FAAP,Comunicação Social,COMUNICAÇÃO,,FA-FAAP,SP
35,922,30080,FAAP,Comunicação Social - Rádio E Televisão,COMUNICAÇÃO,,FA-FAAP,SP
35,605,302890,USP,Ciências Sociais,CIÊNCIAS SOCIAIS,,USP,SP
35,242,31055,MACKENZIE,Administração,ADMINISTRAÇÃO,,MACKENZIE,SP
33,5808,310859,PUC-Rio,Ciências Sociais,CIÊNCIAS SOCIAIS,,PUC-RIO,RJ
33,5808,310877,PUC-Rio,Matemática,MATEMÁTICA,,PUC-RIO,RJ
53,4422,31128,UNICEUB,Comunicação Social - Jornalismo,COMUNICAÇÃO,,UNICEUB,DF
33,6017,311305,UERJ,Matemática,MATEMÁTICA,,UERJ,RJ
33,6017,311322,UERJ,Ciências Sociais,CIÊNCIAS SOCIAIS,,UERJ,RJ
33,6292,312686,UFF,Ciências Sociais,CIÊNCIAS SOCIAIS,,UFF,RJ
33,6292,312702,UFF,Matemática,MATEMÁTICA,,UFF,RJ
53,22,31381,UNB,Comunicação Social - Publicidade E Propaganda,COMUNICAÇÃO,,UNB,DF
33,6446,314328,UFRJ,Matemática,MATEMÁTICA,,UFRJ,RJ
33,6446,314348,UFRJ,Ciências Sociais,CIÊNCIAS SOCIAIS,,UFRJ,RJ
33,1144,31882,UFF,Comunicação Social,COMUNICAÇÃO,,UFF,RJ
33,5148,31882,UFF,Comunicação Social - Publicidade E Propaganda,COMUNICAÇÃO,,UFF,RJ
33,5860,31956,UFRJ,Comunicação Social - Produção Editorial,COMUNICAÇÃO,,UFRJ,RJ
33,5860,31960,UFRJ,Comunicação Social  - Radialismo,COMUNICAÇÃO,,UFRJ,RJ
35,605,321427,USP,Matemática,MATEMÁTICA,,USP,SP
53,22,33204,UNB,Ciências Sociais,CIÊNCIAS SOCIAIS,,UNB,DF
35,44,333294,MACKENZIE,Matemática,MATEMÁTICA,,MACKENZIE,SP
33,2288,33726,UFF,Comunicação Social - Cinema,COMUNICAÇÃO,,UFF,RJ
53,6,34642,UNB,Comunicação Social - Jornalismo,COMUNICAÇÃO,,UNB,DF
53,16,34642,UNB,Jornalismo,COMUNICAÇÃO,,UNB,DF
33,2288,34795,UFF,Comunicação Social - Jornalismo,COMUNICAÇÃO,,UFF,RJ
53,14,34983,UNB,Ciências Sociais,CIÊNCIAS SOCIAIS,,UNB,DF
33,10377,357162,UCAM,Ciências Sociais,CIÊNCIAS SOCIAIS,,UCAM,RJ
35,594,36013,UNICAMP,Ciências Sociais,CIÊNCIAS SOCIAIS,,UNICAMP,SP
35,594,41765,UNICAMP,Matemática,MATEMÁTICA,,UNICAMP,SP
35,242,41876,MACKENZIE,Jornalismo,COMUNICAÇÃO,,MACKENZIE,SP
33,12683,42248,UCAM,Administração,ADMINISTRAÇÃO,,UCAM,RJ
33,12683,42271,UCAM,Direito,DIREITO,,UCAM,RJ
33,14585,46493,IBMEC,Direito,DIREITO,,IBMEC,RJ
33,20361,49313,FGV,Administração,ADMINISTRAÇÃO,EBAPE,FGV,RJ
33,28501,49315,FGV,Ciências Econômicas,ECONOMIA,EPGE,FGV,RJ
35,6996,5000366,ESPM,Jornalismo,COMUNICAÇÃO,,ESPM,SP
33,6292,5000477,UFF,Matemática,MATEMÁTICA,,UFF,RJ
35,385,5000791,USP,Economia Empresarial E Controladoria Com Habilitação Em Economia - Ênfase Em Finanças,ECONOMIA,,USP,SP
35,385,5000792,USP,Economia Empresarial E Controladoria Com Habilitação Em Economia - Ênfase Em Negócios Internacionais,ECONOMIA,,USP,SP
35,385,5000794,USP,Economia Empresarial E Controladoria Com Habilitação Em Contabilidade - Ênfase Em Finanças,ECONOMIA,,USP,SP
35,330,5000795,USP,Economia Empresarial E Controladoria Com Habilitação Em Contabilidade - Ênfase Em Negócios Internacionais,ECONOMIA,,USP,SP
35,385,5000797,USP,Economia Empresarial E Controladoria Com Habilitação Em Contabilidade - Ênfase Em Políticas Públicas,ECONOMIA,,USP,SP
35,220,5000843,USP,Estatística E Ciência De Dados,CIÊNCIA DE DADOS,,USP,SP
33,12683,5000988,UCAM,Direito,DIREITO,,UCAM,RJ
35,6006,50500,PUC-SP,Comunicação Social - Publicidade E Propaganda,COMUNICAÇÃO,,PUCSP,SP
33,6292,52258,UFF,Direito,DIREITO,,UFF,RJ
33,12683,5316,UCAM,Direito,DIREITO,,UCAM,RJ
33,12683,5317,UCAM,Administração,ADMINISTRAÇÃO,,UCAM,RJ
33,12683,5329,UCAM,Direito,DIREITO,,UCAM,RJ
33,11530,5331,UCAM,Ciências Econômicas,ECONOMIA,,UCAM,RJ
33,12683,5332,UCAM,Administração,ADMINISTRAÇÃO,,UCAM,RJ
33,12683,5337,UCAM,Administração,ADMINISTRAÇÃO,,UCAM,RJ
33,12683,5343,UCAM,Administração,ADMINISTRAÇÃO,,UCAM,RJ
33,2145,5381,MACKENZIE,Administração,ADMINISTRAÇÃO,,MACKENZIE,RJ
33,2145,5382,MACKENZIE,Direito,DIREITO,,MACKENZIE,RJ
33,2145,5383,MACKENZIE,Ciências Econômicas,ECONOMIA,,MACKENZIE,RJ
35,27115,54304,IBMEC,Direito,DIREITO,,IBMEC SP,SP
33,3459,57166,UCAM,Comunicação Social,COMUNICAÇÃO,,UCAM,RJ
33,8071,57180,UCAM,Comunicação Social,COMUNICAÇÃO,,UCAM,RJ
33,8071,57182,UCAM,Comunicação Social,COMUNICAÇÃO,,UCAM,RJ
33,3459,57231,UCAM,Comunicação Social,COMUNICAÇÃO,,UCAM,RJ
35,605,60200,USP,Relações Internacionais,RI,,USP,SP
35,23419,63414,FGV,Ciências Econômicas,ECONOMIA,EESP,EESP,SP
33,23386,65859,FGV,Direito,DIREITO,DIREITO RJ,DIREITO RIO,RJ
33,12683,66447,UCAM,Relações Internacionais,RI,,UCAM,RJ
33,8071,66484,UCAM,Comunicação Social - Jornalismo,COMUNICAÇÃO,,UCAM,RJ
33,1153,66485,UCAM,Comunicação Social,COMUNICAÇÃO,,UCAM,RJ
35,23408,67985,FGV,Direito,DIREITO,DIREITO SP,FGV,SP
35,242,68048,MACKENZIE,Administração,ADMINISTRAÇÃO,,MACKENZIE,SP
35,594,68916,UNICAMP,Comunicação Social,COMUNICAÇÃO,,UNICAMP,SP
33,5808,70608,PUC-Rio,Relações Internacionais,RI,,PUC-RIO,RJ
53,22,70638,UNB,Comunicação Social - Audiovisual,COMUNICAÇÃO,,UNB,DF
33,6446,71061,UFRJ,Matemática Aplicada,MATEMÁTICA,,UFRJ,RJ
53,4422,8295,UNICEUB,Direito,DIREITO,,UNICEUB,DF
53,4422,8299,UNICEUB,Administração,ADMINISTRAÇÃO,,UNICEUB,DF
53,4433,8333,UCB,Administração,ADMINISTRAÇÃO,,UCB,DF
53,4433,8334,UCB,Ciências Econômicas,ECONOMIA,,UCB,DF
53,4433,8343,UCB,Relações Internacionais,RI,,UCB,DF
33,39754,83914,FGV,Ciências Sociais,CIÊNCIAS SOCIAIS,CPDOC,FGV,RJ
33,5808,87202,PUC-Rio,Comunicação Social - Cinema,COMUNICAÇÃO,,PUC-RIO,RJ
35,4368,89498,PUC-SP,Administração,ADMINISTRAÇÃO,,PUCSP,SP
35,1092,89499,PUC-SP,Administração,ADMINISTRAÇÃO,,PUCSP,SP
33,6292,90475,UFF,Administração,ADMINISTRAÇÃO,,UFF,RJ
53,27324,90659,PROCESSUS BSB,Direito,DIREITO,,PFD,DF
33,7552,95179,ESPM,Relações Internacionais,RI,,ESPM,RJ
35,6996,95898,ESPM,Relações Internacionais,RI,,ESPM,SP
35,5071,9609,FAAP,Administração,ADMINISTRAÇÃO,,FA-FAAP,SP
35,2320,9633,FAAP,Ciências Econômicas,ECONOMIA,,FAAP,SP
35,2766,9633,FAAP,Ciências Econômicas,ECONOMIA,,FA-FAAP,SP
33,14585,97209,IBMEC,Relações Internacionais,RI,,IBMEC,RJ
